latitude,longitude,user_id,log_time
25.12232,55.22905,8,2021-04-17 08:29:42
25.12229,55.228939,8,2021-04-17 08:30:02
25.122267,55.228962,8,2021-04-17 08:30:17
25.122168,55.229042,8,2021-04-17 08:30:34
25.122175,55.229023,8,2021-04-17 08:35:14
25.123371,55.236301,8,2021-04-17 08:35:14
25.120134,55.229893,8,2021-04-17 08:35:15
25.120134,55.229893,8,2021-04-17 08:35:16
25.120134,55.229893,8,2021-04-17 08:35:17
25.123371,55.236301,8,2021-04-17 08:35:18
25.122093,55.229015,8,2021-04-17 08:35:19
25.122028,55.229088,8,2021-04-17 08:35:24
25.122046,55.228981,8,2021-04-17 08:35:37
25.122272,55.228966,8,2021-04-17 08:35:53
25.122383,55.228882,8,2021-04-17 08:36:08
25.122314,55.229061,8,2021-04-17 08:37:13
25.122305,55.229061,8,2021-04-17 08:37:30
25.121943,55.226288,8,2021-04-17 08:37:58
25.121943,55.226288,8,2021-04-17 08:38:33
25.121943,55.226288,8,2021-04-17 08:39:04
25.122322,55.229038,8,2021-04-17 08:39:22
25.122328,55.229038,8,2021-04-17 08:40:07
25.122841,55.228504,8,2021-04-17 08:40:22
25.122841,55.228504,8,2021-04-17 08:40:38
25.122345,55.228996,8,2021-04-17 08:41:09
25.122309,55.228973,8,2021-04-17 08:41:40
25.122335,55.228909,8,2021-04-17 08:42:12
25.122429,55.228817,8,2021-04-17 08:42:32
25.122234,55.228855,8,2021-04-17 08:42:49
25.121857,55.228874,8,2021-04-17 08:43:09
25.121841,55.228878,8,2021-04-17 08:43:25
25.121841,55.228878,8,2021-04-17 08:43:26
25.121895,55.229076,8,2021-04-17 08:43:46
25.121738,55.229095,8,2021-04-17 08:44:08
25.12182,55.229107,8,2021-04-17 08:44:35
25.121695,55.228981,8,2021-04-17 08:45:04
25.121992,55.229023,8,2021-04-17 08:45:21
25.123468,55.227512,8,2021-04-17 08:45:47
25.124001,55.227974,8,2021-04-17 08:46:17
25.124716,55.22842,8,2021-04-17 08:46:33
25.129051,55.232021,8,2021-04-17 08:47:04
25.129148,55.231995,8,2021-04-17 08:47:20
25.129145,55.232113,8,2021-04-17 08:47:39
25.128876,55.23246,8,2021-04-17 08:48:07
25.129141,55.232224,8,2021-04-17 08:48:23
25.132456,55.234653,8,2021-04-17 08:48:44
25.133812,55.236443,8,2021-04-17 08:49:04
25.132767,55.237751,8,2021-04-17 08:49:27
25.130974,55.239594,8,2021-04-17 08:49:54
25.13072,55.239124,8,2021-04-17 08:50:12
25.129431,55.240715,8,2021-04-17 08:50:29
25.127192,55.241581,8,2021-04-17 08:50:57
25.126032,55.24276,8,2021-04-17 08:51:20
25.12566,55.242332,8,2021-04-17 08:51:38
25.125652,55.242283,8,2021-04-17 08:51:52
25.125666,55.242336,8,2021-04-17 08:52:07
25.125656,55.242214,8,2021-04-17 08:52:40
25.125658,55.242313,8,2021-04-17 08:53:12
25.125666,55.242317,8,2021-04-17 08:53:29
25.125647,55.242336,8,2021-04-17 08:53:44
25.125681,55.242393,8,2021-04-17 08:54:03
25.126152,55.242668,8,2021-04-17 08:54:33
25.128141,55.242626,8,2021-04-17 08:55:01
25.129124,55.241386,8,2021-04-17 08:55:18
25.12681,55.239326,8,2021-04-17 08:55:45
25.127041,55.237167,8,2021-04-17 08:56:08
25.127041,55.237167,8,2021-04-17 08:56:24
25.129354,55.233337,8,2021-04-17 08:56:49
25.129463,55.233513,8,2021-04-17 08:57:05
25.129322,55.233551,8,2021-04-17 08:57:20
25.129684,55.233883,8,2021-04-17 08:57:35
25.129244,55.233467,8,2021-04-17 08:57:56
25.129475,55.23328,8,2021-04-17 08:58:25
25.129854,55.232693,8,2021-04-17 08:58:43
25.129816,55.233582,8,2021-04-17 08:58:59
25.126335,55.237972,8,2021-04-17 08:59:34
25.126089,55.238293,8,2021-04-17 09:00:01
25.125336,55.239418,8,2021-04-17 09:00:19
25.122269,55.244038,8,2021-04-17 09:00:43
25.122429,55.25061,8,2021-04-17 09:01:14
25.117575,55.248447,8,2021-04-17 09:01:31
25.124847,55.253742,8,2021-04-17 09:01:59
25.124847,55.253742,8,2021-04-17 09:02:24
25.13446,55.259235,8,2021-04-17 09:02:42
25.140165,55.260738,8,2021-04-17 09:03:04
25.144835,55.261318,8,2021-04-17 09:03:22
25.149473,55.261452,8,2021-04-17 09:03:40
25.155621,55.261631,8,2021-04-17 09:04:04
25.160465,55.261868,8,2021-04-17 09:04:22
25.165049,55.26405,8,2021-04-17 09:04:40
25.170029,55.268837,8,2021-04-17 09:05:04
25.173752,55.27232,8,2021-04-17 09:05:22
25.177139,55.276485,8,2021-04-17 09:05:40
25.177691,55.277206,8,2021-04-17 09:06:01
25.182026,55.285591,8,2021-04-17 09:06:18
25.185295,55.288315,8,2021-04-17 09:06:34
25.188595,55.290825,8,2021-04-17 09:06:50
25.193596,55.294704,8,2021-04-17 09:07:14
25.198713,55.300781,8,2021-04-17 09:07:42
25.201099,55.308472,8,2021-04-17 09:08:09
25.204023,55.312859,8,2021-04-17 09:08:27
25.207327,55.316536,8,2021-04-17 09:08:45
25.210766,55.319977,8,2021-04-17 09:09:03
25.214531,55.323395,8,2021-04-17 09:09:21
25.218243,55.330666,8,2021-04-17 09:09:49
25.219824,55.3367,8,2021-04-17 09:10:19
25.220366,55.337498,8,2021-04-17 09:10:37
25.223335,55.341358,8,2021-04-17 09:11:04
25.223335,55.341358,8,2021-04-17 09:11:30
25.227003,55.342854,8,2021-04-17 09:11:56
25.226673,55.343578,8,2021-04-17 09:12:11
25.226585,55.343433,8,2021-04-17 09:12:31
25.22683,55.342834,8,2021-04-17 09:12:59
25.226925,55.342876,8,2021-04-17 09:13:43
25.226921,55.342911,8,2021-04-17 09:14:15
25.224722,55.338371,8,2021-04-17 09:14:46
25.224722,55.338371,8,2021-04-17 09:15:00
25.226896,55.343571,8,2021-04-17 09:15:17
25.226896,55.343571,8,2021-04-17 09:15:47
25.226896,55.343571,8,2021-04-17 09:16:01
25.224722,55.338371,8,2021-04-17 09:16:19
25.224722,55.338371,8,2021-04-17 09:16:32
25.226944,55.343609,8,2021-04-17 09:16:51
25.227034,55.343548,8,2021-04-17 09:17:06
25.22691,55.343716,8,2021-04-17 09:17:38
25.226936,55.343605,8,2021-04-17 09:18:23
25.226965,55.343559,8,2021-04-17 09:18:38
25.226955,55.343575,8,2021-04-17 09:18:55
25.226919,55.34362,8,2021-04-17 09:19:10
25.226921,55.343616,8,2021-04-17 09:19:31
25.226933,55.343605,8,2021-04-17 09:19:52
25.227005,55.343533,8,2021-04-17 09:20:23
25.227005,55.343533,8,2021-04-17 09:20:54
25.224722,55.338371,8,2021-04-17 09:21:08
25.224722,55.338371,8,2021-04-17 09:21:25
25.224722,55.338371,8,2021-04-17 09:21:39
25.226906,55.343433,8,2021-04-17 09:21:56
25.226906,55.343433,8,2021-04-17 09:22:27
25.224722,55.338371,8,2021-04-17 09:22:40
25.226894,55.343563,8,2021-04-17 09:22:58
25.22691,55.342941,8,2021-04-17 09:23:29
25.226799,55.341816,8,2021-04-17 09:24:00
25.226368,55.34119,8,2021-04-17 09:24:22
25.225876,55.340618,8,2021-04-17 09:24:38
25.225103,55.339584,8,2021-04-17 09:24:54
25.224213,55.338734,8,2021-04-17 09:25:09
25.225262,55.3368,8,2021-04-17 09:25:25
25.224997,55.333736,8,2021-04-17 09:25:57
25.226139,55.332886,8,2021-04-17 09:26:15
25.226002,55.332325,8,2021-04-17 09:26:35
25.225546,55.332325,8,2021-04-17 09:26:57
25.224888,55.333557,8,2021-04-17 09:27:18
25.224012,55.332977,8,2021-04-17 09:27:37
25.222828,55.331161,8,2021-04-17 09:28:05
25.220884,55.328423,8,2021-04-17 09:28:37
25.219748,55.325588,8,2021-04-17 09:28:55
25.219814,55.322266,8,2021-04-17 09:29:22
25.219803,55.322269,8,2021-04-17 09:29:39
25.219793,55.322334,8,2021-04-17 09:30:03
25.219793,55.322334,8,2021-04-17 09:30:22
25.220215,55.319202,8,2021-04-17 09:30:41
25.2213,55.315392,8,2021-04-17 09:31:04
25.224033,55.315727,8,2021-04-17 09:31:21
25.228788,55.315487,8,2021-04-17 09:31:46
25.228788,55.315487,8,2021-04-17 09:32:13
25.233994,55.317425,8,2021-04-17 09:32:32
25.235489,55.31786,8,2021-04-17 09:32:49
25.23391,55.317406,8,2021-04-17 09:33:04
25.237108,55.317326,8,2021-04-17 09:33:36
25.237932,55.316959,8,2021-04-17 09:34:04
25.242775,55.315994,8,2021-04-17 09:34:30
25.244846,55.315521,8,2021-04-17 09:35:15
25.244846,55.315521,8,2021-04-17 09:35:33
25.24334,55.315872,8,2021-04-17 09:35:52
25.243416,55.315647,8,2021-04-17 09:36:09
25.243408,55.31588,8,2021-04-17 09:36:40
25.243477,55.315769,8,2021-04-17 09:36:56
25.243559,55.315693,8,2021-04-17 09:37:12
25.243557,55.315674,8,2021-04-17 09:37:45
25.243563,55.315666,8,2021-04-17 09:38:16
25.243649,55.315586,8,2021-04-17 09:38:51
25.243759,55.315491,8,2021-04-17 09:38:55
25.243711,55.315502,8,2021-04-17 09:39:41
25.241959,55.316219,8,2021-04-17 09:41:25
25.241636,55.316208,8,2021-04-17 09:41:52
25.241547,55.316166,8,2021-04-17 09:42:10
25.241421,55.316017,8,2021-04-17 09:42:36
25.241396,55.316105,8,2021-04-17 09:42:55
25.241455,55.316055,8,2021-04-17 09:43:16
25.241446,55.316063,8,2021-04-17 09:43:36
25.241446,55.316044,8,2021-04-17 09:43:56
25.241467,55.316044,8,2021-04-17 09:44:16
25.241426,55.316051,8,2021-04-17 09:44:37
25.241678,55.316071,8,2021-04-17 09:45:04
25.241501,55.316021,8,2021-04-17 09:45:25
25.241455,55.316025,8,2021-04-17 09:45:40
25.24173,55.316277,8,2021-04-17 09:46:04
25.241385,55.316109,8,2021-04-17 09:46:28
25.241468,55.316029,8,2021-04-17 09:46:43
25.241484,55.316032,8,2021-04-17 09:47:12
25.241541,55.316025,8,2021-04-17 09:47:30
25.241371,55.31599,8,2021-04-17 09:48:00
25.241543,55.316086,8,2021-04-17 09:48:19
25.241537,55.316113,8,2021-04-17 09:48:38
25.241468,55.315941,8,2021-04-17 09:49:04
25.24157,55.316086,8,2021-04-17 09:49:24
25.241455,55.316048,8,2021-04-17 09:49:39
25.241558,55.31588,8,2021-04-17 09:50:04
25.241724,55.316189,8,2021-04-17 09:50:28
25.241575,55.316074,8,2021-04-17 09:50:46
25.241455,55.316036,8,2021-04-17 09:51:15
25.2416,55.316181,8,2021-04-17 09:51:33
25.24144,55.316063,8,2021-04-17 09:52:08
25.241432,55.316044,8,2021-04-17 09:52:38
25.241703,55.316177,8,2021-04-17 09:53:04
25.24173,55.316174,8,2021-04-17 09:53:38
25.241686,55.316113,8,2021-04-17 09:53:55
25.241459,55.316082,8,2021-04-17 09:54:11
25.241455,55.316036,8,2021-04-17 09:54:41
25.241592,55.316067,8,2021-04-17 09:55:08
25.241714,55.316517,8,2021-04-17 09:55:31
25.241804,55.317013,8,2021-04-17 09:55:54
25.237305,55.317192,8,2021-04-17 09:56:22
25.235048,55.31699,8,2021-04-17 09:56:46
25.235039,55.316986,8,2021-04-17 09:57:07
25.232077,55.316463,8,2021-04-17 09:58:56
25.228395,55.315384,8,2021-04-17 09:58:57
25.225037,55.31538,8,2021-04-17 09:58:58
25.222197,55.315262,8,2021-04-17 09:58:58
25.218958,55.31461,8,2021-04-17 09:59:03
25.215157,55.31218,8,2021-04-17 09:59:31
25.211323,55.310455,8,2021-04-17 09:59:53
25.203001,55.30534,8,2021-04-17 10:00:42
25.202089,55.300915,8,2021-04-17 10:01:06
25.201563,55.297012,8,2021-04-17 10:01:25
25.200968,55.294304,8,2021-04-17 10:01:40
25.199589,55.292191,8,2021-04-17 10:01:56
25.197472,55.290752,8,2021-04-17 10:02:11
25.19379,55.287773,8,2021-04-17 10:02:37
25.191475,55.283005,8,2021-04-17 10:03:06
25.189884,55.281822,8,2021-04-17 10:03:22
25.186665,55.278954,8,2021-04-17 10:03:54
25.1852,55.277744,8,2021-04-17 10:04:09
25.185844,55.276299,8,2021-04-17 10:04:47
25.187899,55.27401,8,2021-04-17 10:05:19
25.190359,55.270123,8,2021-04-17 10:05:47
25.190554,55.269699,8,2021-04-17 10:06:02
25.191326,55.268845,8,2021-04-17 10:06:25
25.19422,55.267731,8,2021-04-17 10:06:43
25.194386,55.267326,8,2021-04-17 10:07:06
25.194151,55.267403,8,2021-04-17 10:07:22
25.194199,55.267353,8,2021-04-17 10:07:37
25.194191,55.26757,8,2021-04-17 10:08:06
25.193094,55.266384,8,2021-04-17 10:08:23
25.194279,55.267422,8,2021-04-17 10:08:41
25.19408,55.265717,8,2021-04-17 10:09:07
25.194008,55.265297,8,2021-04-17 10:09:23
25.193611,55.264084,8,2021-04-17 10:09:38
25.192259,55.262871,8,2021-04-17 10:10:06
25.1924,55.262535,8,2021-04-17 10:10:24
25.192677,55.262642,8,2021-04-17 10:10:39
25.192776,55.262768,8,2021-04-17 10:10:55
25.192827,55.262974,8,2021-04-17 10:11:25
25.192942,55.263115,8,2021-04-17 10:11:55
25.19318,55.263519,8,2021-04-17 10:12:25
25.190248,55.264603,8,2021-04-17 10:12:55
25.193216,55.263412,8,2021-04-17 10:13:26
25.193069,55.263065,8,2021-04-17 10:13:41
25.193222,55.263332,8,2021-04-17 10:14:12
25.192757,55.262978,8,2021-04-17 10:14:27
25.193008,55.262821,8,2021-04-17 10:14:44
25.193081,55.263206,8,2021-04-17 10:15:09
25.193186,55.26342,8,2021-04-17 10:15:29
25.19294,55.262909,8,2021-04-17 10:15:45
25.193144,55.263245,8,2021-04-17 10:16:00
25.192553,55.263042,8,2021-04-17 10:16:18
25.192825,55.262913,8,2021-04-17 10:16:35
25.192801,55.26297,8,2021-04-17 10:17:04
25.192772,55.262737,8,2021-04-17 10:17:27
25.193157,55.263214,8,2021-04-17 10:17:51
25.192959,55.263096,8,2021-04-17 10:18:10
25.193007,55.262966,8,2021-04-17 10:18:38
25.195614,55.264423,8,2021-04-17 10:19:06
25.193205,55.263378,8,2021-04-17 10:19:24
25.193043,55.263035,8,2021-04-17 10:19:42
25.192995,55.263065,8,2021-04-17 10:20:11
25.192854,55.262936,8,2021-04-17 10:20:29
25.193079,55.263165,8,2021-04-17 10:20:57
25.192808,55.263016,8,2021-04-17 10:21:15
25.192822,55.262955,8,2021-04-17 10:21:44
25.192808,55.263115,8,2021-04-17 10:22:04
25.193121,55.263302,8,2021-04-17 10:22:29
25.192745,55.262829,8,2021-04-17 10:22:48
25.192787,55.262878,8,2021-04-17 10:23:17
25.192879,55.262974,8,2021-04-17 10:23:35
25.193291,55.263142,8,2021-04-17 10:24:04
25.192896,55.262966,8,2021-04-17 10:24:22
25.192814,55.262798,8,2021-04-17 10:24:51
25.192829,55.262962,8,2021-04-17 10:25:08
25.193205,55.263378,8,2021-04-17 10:25:37
25.192656,55.263077,8,2021-04-17 10:26:04
25.190256,55.264629,8,2021-04-17 10:26:23
25.192778,55.262814,8,2021-04-17 10:28:56
25.192932,55.262974,8,2021-04-17 10:28:57
25.193081,55.26313,8,2021-04-17 10:28:57
25.193007,55.263275,8,2021-04-17 10:28:57
25.193275,55.263466,8,2021-04-17 10:28:58
25.193489,55.263733,8,2021-04-17 10:28:58
25.193468,55.263184,8,2021-04-17 10:29:16
25.19331,55.263256,8,2021-04-17 10:29:33
25.193739,55.263107,8,2021-04-17 10:30:04
25.193806,55.263046,8,2021-04-17 10:30:36
25.194,55.262455,8,2021-04-17 10:31:14
25.19383,55.262615,8,2021-04-17 10:31:36
25.193829,55.263016,8,2021-04-17 10:32:06
25.193802,55.263031,8,2021-04-17 10:32:38
25.193842,55.262985,8,2021-04-17 10:33:11
25.194048,55.262691,8,2021-04-17 10:33:30
25.19412,55.262672,8,2021-04-17 10:34:00
25.193834,55.263023,8,2021-04-17 10:34:33
25.193804,55.263096,8,2021-04-17 10:35:05
25.193783,55.263035,8,2021-04-17 10:35:38
25.193779,55.263027,8,2021-04-17 10:36:11
25.193167,55.263733,8,2021-04-17 10:36:24
25.193802,55.263088,8,2021-04-17 10:36:42
25.193489,55.263733,8,2021-04-17 10:37:12
25.193489,55.263733,8,2021-04-17 10:37:26
25.193146,55.263802,8,2021-04-17 10:37:43
25.193157,55.263466,8,2021-04-17 10:38:01
25.193132,55.263176,8,2021-04-17 10:38:21
25.192965,55.262989,8,2021-04-17 10:38:36
25.192856,55.262772,8,2021-04-17 10:38:53
25.192659,55.262749,8,2021-04-17 10:39:18
25.190247,55.264606,8,2021-04-17 10:39:46
25.192677,55.26265,8,2021-04-17 10:39:50
25.193024,55.262989,8,2021-04-17 10:40:05
25.192835,55.262997,8,2021-04-17 10:40:20
25.192837,55.263077,8,2021-04-17 10:40:36
25.192808,55.263103,8,2021-04-17 10:40:51
25.192856,55.26318,8,2021-04-17 10:41:07
25.192856,55.26318,8,2021-04-17 10:41:23
25.192856,55.26318,8,2021-04-17 10:41:39
25.192856,55.26318,8,2021-04-17 10:41:54
25.192856,55.26318,8,2021-04-17 10:42:10
25.192856,55.26318,8,2021-04-17 10:42:26
25.192856,55.26318,8,2021-04-17 10:42:44
25.192959,55.263077,8,2021-04-17 10:42:58
25.192789,55.262955,8,2021-04-17 10:43:15
25.192614,55.263062,8,2021-04-17 10:43:34
25.191475,55.263859,8,2021-04-17 10:43:55
25.187948,55.262352,8,2021-04-17 10:44:21
25.186825,55.259758,8,2021-04-17 10:44:44
25.18251,55.258362,8,2021-04-17 10:45:14
25.180449,55.261356,8,2021-04-17 10:45:32
25.17676,55.258495,8,2021-04-17 10:45:55
25.175356,55.256157,8,2021-04-17 10:46:20
25.17782,55.253468,8,2021-04-17 10:46:39
25.180779,55.249889,8,2021-04-17 10:47:07
25.180239,55.247578,8,2021-04-17 10:47:25
25.180145,55.247597,8,2021-04-17 10:47:41
25.173128,55.242619,8,2021-04-17 10:48:11
25.169552,55.239395,8,2021-04-17 10:48:32
25.169552,55.239395,8,2021-04-17 10:48:47
25.162708,55.233055,8,2021-04-17 10:49:07
25.162708,55.233055,8,2021-04-17 10:49:22
25.155241,55.227345,8,2021-04-17 10:49:44
25.150745,55.224586,8,2021-04-17 10:50:07
25.150745,55.224586,8,2021-04-17 10:50:32
25.138149,55.216583,8,2021-04-17 10:51:03
25.13518,55.214561,8,2021-04-17 10:51:21
25.134018,55.213539,8,2021-04-17 10:51:38
25.134443,55.213329,8,2021-04-17 10:51:56
25.134663,55.213409,8,2021-04-17 10:52:11
25.134607,55.213673,8,2021-04-17 10:52:44
25.134569,55.213947,8,2021-04-17 10:53:05
25.133875,55.213593,8,2021-04-17 10:53:32
25.131577,55.211651,8,2021-04-17 10:54:01
25.126099,55.205917,8,2021-04-17 10:54:30
25.123566,55.202213,8,2021-04-17 10:54:47
25.121765,55.193645,8,2021-04-17 10:55:13
25.1192,55.196266,8,2021-04-17 10:55:30
25.115046,55.190182,8,2021-04-17 10:55:45
25.111731,55.185497,8,2021-04-17 10:56:05
25.109091,55.181751,8,2021-04-17 10:56:23
25.106363,55.177868,8,2021-04-17 10:56:41
25.101557,55.174618,8,2021-04-17 10:57:07
25.0977,55.166756,8,2021-04-17 10:57:31
25.094688,55.163975,8,2021-04-17 10:57:49
25.091389,55.159508,8,2021-04-17 10:58:12
25.087551,55.155182,8,2021-04-17 10:58:38
25.085064,55.15126,8,2021-04-17 10:59:05
25.082451,55.153595,8,2021-04-17 10:59:22
25.080404,55.155098,8,2021-04-17 10:59:39
25.07905,55.155273,8,2021-04-17 10:59:54
25.077965,55.154911,8,2021-04-17 11:00:11
25.078142,55.153614,8,2021-04-17 11:00:48
25.078142,55.153614,8,2021-04-17 11:01:09
25.079103,55.152279,8,2021-04-17 11:01:26
25.078394,55.153278,8,2021-04-17 11:01:39
25.078606,55.153511,8,2021-04-17 11:01:56
25.078405,55.153465,8,2021-04-17 11:02:12
25.078344,55.15374,8,2021-04-17 11:02:30
25.078354,55.153706,8,2021-04-17 11:02:46
25.078272,55.153652,8,2021-04-17 11:03:00
25.078253,55.153526,8,2021-04-17 11:03:16
25.07799,55.153858,8,2021-04-17 11:03:48
25.078281,55.153313,8,2021-04-17 11:04:21
25.078386,55.153267,8,2021-04-17 11:04:50
25.078489,55.153206,8,2021-04-17 11:05:19
25.078287,55.153011,8,2021-04-17 11:05:38
25.078224,55.152981,8,2021-04-17 11:06:09
25.078299,55.153023,8,2021-04-17 11:06:40
25.078449,55.153141,8,2021-04-17 11:07:11
25.078436,55.153217,8,2021-04-17 11:07:34
25.078381,55.153477,8,2021-04-17 11:07:49
25.078264,55.153511,8,2021-04-17 11:08:06
25.078453,55.153553,8,2021-04-17 11:08:29
25.07852,55.153431,8,2021-04-17 11:08:37
25.078379,55.153286,8,2021-04-17 11:08:52
25.078342,55.153309,8,2021-04-17 11:09:07
25.078342,55.153309,8,2021-04-17 11:09:24
25.07844,55.153458,8,2021-04-17 11:09:40
25.07844,55.153458,8,2021-04-17 11:09:56
25.078444,55.153477,8,2021-04-17 11:10:12
25.078444,55.153507,8,2021-04-17 11:10:28
25.078442,55.153503,8,2021-04-17 11:10:43
25.078436,55.153503,8,2021-04-17 11:10:58
25.078432,55.153492,8,2021-04-17 11:11:14
25.078438,55.153492,8,2021-04-17 11:11:29
25.078426,55.1535,8,2021-04-17 11:11:45
25.078421,55.153519,8,2021-04-17 11:12:00
25.078419,55.153427,8,2021-04-17 11:12:16
25.078411,55.153442,8,2021-04-17 11:12:32
25.078419,55.153446,8,2021-04-17 11:12:48
25.078421,55.153454,8,2021-04-17 11:13:07
25.078468,55.153435,8,2021-04-17 11:13:22
25.078465,55.153458,8,2021-04-17 11:13:37
25.078465,55.153496,8,2021-04-17 11:13:53
25.078438,55.153461,8,2021-04-17 11:14:09
25.078188,55.153332,8,2021-04-17 11:14:26
25.077227,55.150486,8,2021-04-17 11:14:54
25.075603,55.147823,8,2021-04-17 11:15:27
25.074295,55.146511,8,2021-04-17 11:15:45
25.074295,55.146511,8,2021-04-17 11:16:01
25.072601,55.144444,8,2021-04-17 11:17:50
25.073109,55.143627,8,2021-04-17 11:17:51
25.073534,55.141846,8,2021-04-17 11:17:51
25.070869,55.146374,8,2021-04-17 11:17:53
25.072739,55.148499,8,2021-04-17 11:18:10
25.072739,55.148499,8,2021-04-17 11:18:25
25.076336,55.152973,8,2021-04-17 11:18:44
25.076931,55.157074,8,2021-04-17 11:18:59
25.076513,55.15889,8,2021-04-17 11:19:18
25.076086,55.158073,8,2021-04-17 11:19:38
25.076088,55.15807,8,2021-04-17 11:19:53
25.075809,55.157543,8,2021-04-17 11:20:09
25.074511,55.157875,8,2021-04-17 11:20:26
25.073906,55.157192,8,2021-04-17 11:20:41
25.073704,55.157158,8,2021-04-17 11:20:57
25.072256,55.156902,8,2021-04-17 11:21:35
25.072798,55.157875,8,2021-04-17 11:22:11
25.072676,55.157799,8,2021-04-17 11:22:40
25.07288,55.157883,8,2021-04-17 11:23:07
25.072905,55.157928,8,2021-04-17 11:23:23
25.072876,55.158115,8,2021-04-17 11:23:56
25.072342,55.156967,8,2021-04-17 11:24:11
25.072668,55.156219,8,2021-04-17 11:24:26
25.074593,55.157948,8,2021-04-17 11:25:05
25.075447,55.15778,8,2021-04-17 11:25:21
25.076103,55.158077,8,2021-04-17 11:25:40
25.073421,55.158783,8,2021-04-17 11:26:04
25.072256,55.159172,8,2021-04-17 11:26:22
25.072229,55.159451,8,2021-04-17 11:26:38
25.076624,55.160488,8,2021-04-17 11:27:06
25.075209,55.165581,8,2021-04-17 11:27:32
25.075209,55.165581,8,2021-04-17 11:27:48
25.075951,55.173634,8,2021-04-17 11:28:12
25.076464,55.177395,8,2021-04-17 11:28:34
25.077759,55.179531,8,2021-04-17 11:29:00
25.075821,55.183418,8,2021-04-17 11:29:23
25.073812,55.185749,8,2021-04-17 11:29:38
25.070374,55.189953,8,2021-04-17 11:30:05
25.06996,55.190441,8,2021-04-17 11:30:34
25.06852,55.192513,8,2021-04-17 11:30:47
25.068235,55.192364,8,2021-04-17 11:31:04
25.068253,55.192387,8,2021-04-17 11:31:21
25.068304,55.192444,8,2021-04-17 11:31:39
25.067528,55.192612,8,2021-04-17 11:32:04
25.074263,55.198746,8,2021-04-17 11:32:39
25.076876,55.201103,8,2021-04-17 11:32:57
25.080059,55.200806,8,2021-04-17 11:33:15
25.082323,55.199154,8,2021-04-17 11:33:33
25.084196,55.198147,8,2021-04-17 11:33:51
25.082922,55.200974,8,2021-04-17 11:34:13
25.083958,55.200893,8,2021-04-17 11:34:43
25.080479,55.205044,8,2021-04-17 11:35:04
25.079428,55.206612,8,2021-04-17 11:35:32
25.078424,55.208076,8,2021-04-17 11:36:01
25.077995,55.208965,8,2021-04-17 11:36:19
25.079704,55.20676,8,2021-04-17 11:36:48
25.076042,55.210384,8,2021-04-17 11:37:16
25.078468,55.21241,8,2021-04-17 11:37:35
25.081377,55.215076,8,2021-04-17 11:37:52
25.080864,55.215637,8,2021-04-17 11:38:13
25.080723,55.215885,8,2021-04-17 11:38:38
25.081406,55.215351,8,2021-04-17 11:39:04
25.08317,55.216461,8,2021-04-17 11:39:20
25.085741,55.218758,8,2021-04-17 11:39:35
25.086704,55.219582,8,2021-04-17 11:40:04
25.095829,55.227463,8,2021-04-17 11:40:24
25.100056,55.231361,8,2021-04-17 11:40:45
25.104002,55.234802,8,2021-04-17 11:41:04
25.107853,55.238304,8,2021-04-17 11:41:24
25.111359,55.2416,8,2021-04-17 11:41:42
25.115088,55.245068,8,2021-04-17 11:42:04
25.118547,55.248016,8,2021-04-17 11:42:22
25.119238,55.250404,8,2021-04-17 11:42:48
25.119238,55.250404,8,2021-04-17 11:43:03
25.122,55.244774,8,2021-04-17 11:43:26
25.124254,55.245243,8,2021-04-17 11:43:52
25.126402,55.247025,8,2021-04-17 11:44:12
25.128544,55.248566,8,2021-04-17 11:44:33
25.128544,55.248566,8,2021-04-17 11:44:49
25.132336,55.250332,8,2021-04-17 11:45:15
25.133047,55.24934,8,2021-04-17 11:45:34
25.133724,55.248158,8,2021-04-17 11:45:51
25.131676,55.246494,8,2021-04-17 11:46:15
25.13076,55.247433,8,2021-04-17 11:46:33
25.130493,55.247829,8,2021-04-17 11:47:01
25.132242,55.247883,8,2021-04-17 11:47:18
25.131849,55.247944,8,2021-04-17 11:47:49
25.131895,55.248196,8,2021-04-17 11:48:09
25.13175,55.247932,8,2021-04-17 11:48:37
25.131823,55.247932,8,2021-04-17 11:49:06
25.131826,55.247948,8,2021-04-17 11:49:23
25.132013,55.247944,8,2021-04-17 11:49:41
25.132145,55.247959,8,2021-04-17 11:50:05
25.132116,55.24786,8,2021-04-17 11:50:24
25.132149,55.247982,8,2021-04-17 11:50:43
25.132153,55.247993,8,2021-04-17 11:51:14
25.132156,55.247959,8,2021-04-17 11:51:40
25.132135,55.247963,8,2021-04-17 11:51:56
25.132153,55.248005,8,2021-04-17 11:52:17
25.132139,55.248104,8,2021-04-17 11:52:41
25.132149,55.247974,8,2021-04-17 11:53:19
25.132147,55.247967,8,2021-04-17 11:53:37
25.132145,55.247974,8,2021-04-17 11:53:56
25.132145,55.247986,8,2021-04-17 11:54:22
25.132118,55.247845,8,2021-04-17 11:54:44
25.132158,55.24799,8,2021-04-17 11:55:02
25.132147,55.247978,8,2021-04-17 11:55:24
25.132164,55.24799,8,2021-04-17 11:55:40
25.132158,55.247978,8,2021-04-17 11:55:55
25.132156,55.24799,8,2021-04-17 11:56:11
25.132151,55.247971,8,2021-04-17 11:56:27
25.132149,55.247982,8,2021-04-17 11:56:43
25.132149,55.24799,8,2021-04-17 11:56:59
25.132147,55.247982,8,2021-04-17 11:57:20
25.132069,55.247967,8,2021-04-17 11:57:40
25.132011,55.24791,8,2021-04-17 11:58:04
25.131783,55.248138,8,2021-04-17 11:58:22
25.131655,55.248051,8,2021-04-17 11:58:41
25.131599,55.248367,8,2021-04-17 11:59:08
25.131493,55.248421,8,2021-04-17 11:59:24
25.131599,55.2486,8,2021-04-17 11:59:55
25.131626,55.247906,8,2021-04-17 12:00:13
25.131851,55.247978,8,2021-04-17 12:00:32
25.131899,55.248028,8,2021-04-17 12:00:52
25.132114,55.247993,8,2021-04-17 12:01:07
25.132124,55.247971,8,2021-04-17 12:01:27
25.132175,55.248001,8,2021-04-17 12:01:45
25.132145,55.247986,8,2021-04-17 12:02:05
25.132147,55.247997,8,2021-04-17 12:02:31
25.132143,55.247993,8,2021-04-17 12:02:46
25.135042,55.250698,8,2021-04-17 12:03:02
25.132305,55.248131,8,2021-04-17 12:03:20
25.132296,55.248116,8,2021-04-17 12:03:37
25.13216,55.248001,8,2021-04-17 12:04:02
25.132166,55.248024,8,2021-04-17 12:04:19
25.132153,55.24802,8,2021-04-17 12:04:56
25.131844,55.24802,8,2021-04-17 12:05:13
25.132137,55.24799,8,2021-04-17 12:05:29
25.132198,55.247955,8,2021-04-17 12:05:44
25.13217,55.247822,8,2021-04-17 12:05:59
25.132071,55.247807,8,2021-04-17 12:06:15
25.132078,55.247868,8,2021-04-17 12:06:30
25.132042,55.247864,8,2021-04-17 12:06:51
25.131981,55.247841,8,2021-04-17 12:07:16
25.132151,55.247993,8,2021-04-17 12:07:45
25.132149,55.24799,8,2021-04-17 12:08:06
25.132118,55.248009,8,2021-04-17 12:08:23
25.132137,55.247959,8,2021-04-17 12:08:36
25.132139,55.247993,8,2021-04-17 12:09:06
25.132153,55.24799,8,2021-04-17 12:09:26
25.132153,55.247997,8,2021-04-17 12:10:08
25.132156,55.247997,8,2021-04-17 12:10:39
25.132158,55.247997,8,2021-04-17 12:10:58
25.132019,55.247959,8,2021-04-17 12:11:12
25.132088,55.250866,8,2021-04-17 12:15:29
25.131941,55.251038,8,2021-04-17 12:15:45
25.129795,55.249874,8,2021-04-17 12:16:07
25.128731,55.248959,8,2021-04-17 12:16:25
25.128674,55.248909,8,2021-04-17 12:16:41
25.12838,55.248466,8,2021-04-17 12:16:52
25.128178,55.248337,8,2021-04-17 12:17:14
25.128084,55.24897,8,2021-04-17 12:17:29
25.128159,55.248863,8,2021-04-17 12:18:00
25.129847,55.250267,8,2021-04-17 12:18:33
25.131981,55.251511,8,2021-04-17 12:18:51
25.133617,55.252834,8,2021-04-17 12:19:10
25.137371,55.25544,8,2021-04-17 12:19:51
25.13763,55.256359,8,2021-04-17 12:20:10
25.138914,55.257023,8,2021-04-17 12:20:26
25.139427,55.25737,8,2021-04-17 12:20:46
25.139944,55.257076,8,2021-04-17 12:21:08
25.141375,55.256481,8,2021-04-17 12:21:21
25.141768,55.256283,8,2021-04-17 12:21:36
25.143183,55.255604,8,2021-04-17 12:21:52
25.143915,55.25761,8,2021-04-17 12:22:11
25.142309,55.260284,8,2021-04-17 12:22:29
25.143631,55.263275,8,2021-04-17 12:22:47
25.148842,55.261673,8,2021-04-17 12:23:12
25.155611,55.261806,8,2021-04-17 12:23:41
25.160667,55.262127,8,2021-04-17 12:24:05
25.164719,55.264256,8,2021-04-17 12:24:23
25.167011,55.267998,8,2021-04-17 12:24:41
25.163467,55.272064,8,2021-04-17 12:25:06
25.160994,55.274788,8,2021-04-17 12:25:24
25.158792,55.276962,8,2021-04-17 12:25:44
25.156567,55.278667,8,2021-04-17 12:26:08
25.155737,55.278912,8,2021-04-17 12:26:40
25.151667,55.282608,8,2021-04-17 12:26:54
25.153196,55.286232,8,2021-04-17 12:27:20
25.155319,55.28944,8,2021-04-17 12:27:38
25.1576,55.29285,8,2021-04-17 12:27:56
25.160942,55.296452,8,2021-04-17 12:28:16
25.164654,55.300438,8,2021-04-17 12:28:40
25.16836,55.304497,8,2021-04-17 12:29:05
25.16836,55.304497,8,2021-04-17 12:29:21
25.170856,55.313545,8,2021-04-17 12:29:47
25.173162,55.318913,8,2021-04-17 12:30:16
25.173735,55.321625,8,2021-04-17 12:30:33
25.170786,55.323555,8,2021-04-17 12:30:48
25.168201,55.325657,8,2021-04-17 12:31:04
25.165951,55.327507,8,2021-04-17 12:31:19
25.16283,55.32999,8,2021-04-17 12:31:36
25.160122,55.331825,8,2021-04-17 12:31:59
25.160208,55.332104,8,2021-04-17 12:32:14
25.160418,55.33345,8,2021-04-17 12:32:30
25.160637,55.334888,8,2021-04-17 12:32:45
25.159164,55.336018,8,2021-04-17 12:33:01
25.156033,55.338558,8,2021-04-17 12:33:35
25.154684,55.339287,8,2021-04-17 12:34:07
25.155005,55.343224,8,2021-04-17 12:34:35
25.155537,55.344833,8,2021-04-17 12:34:50
25.156176,55.346802,8,2021-04-17 12:35:06
25.156734,55.348576,8,2021-04-17 12:35:37
25.158178,55.351349,8,2021-04-17 12:35:54
25.159594,55.350971,8,2021-04-17 12:36:11
25.160168,55.352974,8,2021-04-17 12:36:27
25.160522,55.353893,8,2021-04-17 12:36:48
25.160524,55.353626,8,2021-04-17 12:37:13
25.160591,55.353508,8,2021-04-17 12:37:28
25.160564,55.3536,8,2021-04-17 12:37:46
25.160675,55.3535,8,2021-04-17 12:38:04
25.160675,55.3535,8,2021-04-17 12:38:28
25.160683,55.353573,8,2021-04-17 12:38:46
25.160683,55.353573,8,2021-04-17 12:38:59
25.16069,55.353519,8,2021-04-17 12:39:16
25.160698,55.353519,8,2021-04-17 12:39:29
25.160698,55.353455,8,2021-04-17 12:39:46
25.160759,55.353447,8,2021-04-17 12:40:04
25.160587,55.353626,8,2021-04-17 12:40:34
25.160583,55.35387,8,2021-04-17 12:40:52
25.160576,55.353874,8,2021-04-17 12:41:20
25.160616,55.353851,8,2021-04-17 12:41:33
25.160591,55.35384,8,2021-04-17 12:41:49
25.160616,55.353859,8,2021-04-17 12:42:08
25.160538,55.353828,8,2021-04-17 12:42:25
25.160557,55.35387,8,2021-04-17 12:42:43
25.160616,55.353825,8,2021-04-17 12:43:05
25.160643,55.353741,8,2021-04-17 12:43:24
25.160576,55.353836,8,2021-04-17 12:43:43
25.160576,55.353786,8,2021-04-17 12:44:05
25.160622,55.353722,8,2021-04-17 12:44:24
25.160547,55.353832,8,2021-04-17 12:44:43
25.160559,55.35397,8,2021-04-17 12:45:05
25.160557,55.353951,8,2021-04-17 12:45:27
25.160536,55.353897,8,2021-04-17 12:45:51
25.160704,55.353905,8,2021-04-17 12:46:22
25.160673,55.353832,8,2021-04-17 12:46:35
25.160664,55.35392,8,2021-04-17 12:47:29
25.16053,55.35392,8,2021-04-17 12:47:42
25.160564,55.353859,8,2021-04-17 12:47:47
25.16066,55.353806,8,2021-04-17 12:47:49
25.160566,55.353828,8,2021-04-17 12:48:08
25.160545,55.353832,8,2021-04-17 12:48:26
25.160666,55.353783,8,2021-04-17 12:48:43
25.160673,55.353794,8,2021-04-17 12:49:03
25.160673,55.353794,8,2021-04-17 12:49:23
25.160643,55.353737,8,2021-04-17 12:49:43
25.160648,55.353806,8,2021-04-17 12:50:03
25.16066,55.353775,8,2021-04-17 12:50:23
25.160566,55.353893,8,2021-04-17 12:50:44
25.160547,55.354046,8,2021-04-17 12:50:57
25.160603,55.353664,8,2021-04-17 12:51:15
25.16054,55.353832,8,2021-04-17 12:51:33
25.160576,55.353859,8,2021-04-17 12:52:00
25.160667,55.353802,8,2021-04-17 12:52:19
25.160547,55.35384,8,2021-04-17 12:52:38
25.160645,55.353783,8,2021-04-17 12:53:04
25.160667,55.353802,8,2021-04-17 12:53:22
25.16066,55.353775,8,2021-04-17 12:53:45
25.160496,55.353825,8,2021-04-17 12:54:05
25.160501,55.353821,8,2021-04-17 12:54:22
25.160631,55.353725,8,2021-04-17 12:54:49
25.16057,55.353859,8,2021-04-17 12:55:07
25.160616,55.353951,8,2021-04-17 12:55:41
25.160614,55.353954,8,2021-04-17 12:56:02
25.160547,55.353794,8,2021-04-17 12:56:21
25.160591,55.353893,8,2021-04-17 12:56:45
25.160532,55.353771,8,2021-04-17 12:57:03
25.160643,55.353729,8,2021-04-17 12:57:23
25.160582,55.353878,8,2021-04-17 12:57:45
25.160547,55.353867,8,2021-04-17 12:58:03
25.160515,55.35384,8,2021-04-17 12:58:28
25.160526,55.353832,8,2021-04-17 12:58:44
25.16062,55.353844,8,2021-04-17 12:58:58
25.160549,55.353851,8,2021-04-17 12:59:15
25.160673,55.353802,8,2021-04-17 12:59:30
25.160641,55.353718,8,2021-04-17 13:00:01
25.160545,55.353802,8,2021-04-17 13:00:20
25.160509,55.353935,8,2021-04-17 13:00:49
25.160534,55.353874,8,2021-04-17 13:01:06
25.160534,55.353882,8,2021-04-17 13:01:35
25.160652,55.35376,8,2021-04-17 13:01:50
25.160673,55.353794,8,2021-04-17 13:02:22
25.160536,55.353867,8,2021-04-17 13:02:51
25.160566,55.353924,8,2021-04-17 13:03:11
25.160606,55.353889,8,2021-04-17 13:03:37
25.160673,55.353798,8,2021-04-17 13:03:58
25.160522,55.353851,8,2021-04-17 13:04:25
25.16054,55.353828,8,2021-04-17 13:04:46
25.160526,55.353832,8,2021-04-17 13:05:03
25.160669,55.353802,8,2021-04-17 13:05:31
25.160538,55.353813,8,2021-04-17 13:05:50
25.160608,55.353924,8,2021-04-17 13:06:19
25.160517,55.353848,8,2021-04-17 13:06:36
25.160673,55.353802,8,2021-04-17 13:07:04
25.160576,55.353874,8,2021-04-17 13:07:23
25.160549,55.353848,8,2021-04-17 13:07:52
25.160673,55.353794,8,2021-04-17 13:08:07
25.160646,55.353752,8,2021-04-17 13:08:39
25.16054,55.35384,8,2021-04-17 13:09:04
25.160564,55.353874,8,2021-04-17 13:09:27
25.160505,55.353893,8,2021-04-17 13:09:45
25.160503,55.353928,8,2021-04-17 13:10:12
25.16058,55.353844,8,2021-04-17 13:10:32
25.160517,55.353832,8,2021-04-17 13:10:49
25.160524,55.353844,8,2021-04-17 13:11:16
25.160637,55.353718,8,2021-04-17 13:11:35
25.160566,55.353737,8,2021-04-17 13:12:04
25.160536,55.353813,8,2021-04-17 13:12:21
25.160521,55.353798,8,2021-04-17 13:12:37
25.160475,55.353603,8,2021-04-17 13:12:57
25.160297,55.353451,8,2021-04-17 13:13:24
25.16061,55.353535,8,2021-04-17 13:13:46
25.160484,55.353771,8,2021-04-17 13:14:05
25.160563,55.353603,8,2021-04-17 13:14:42
25.160522,55.35363,8,2021-04-17 13:15:12
25.160505,55.353722,8,2021-04-17 13:15:31
25.160522,55.353733,8,2021-04-17 13:15:49
25.160522,55.353611,8,2021-04-17 13:16:11
25.160473,55.35371,8,2021-04-17 13:16:32
25.160568,55.353592,8,2021-04-17 13:17:15
25.160456,55.353668,8,2021-04-17 13:17:34
25.160469,55.353695,8,2021-04-17 13:17:49
25.160431,55.353722,8,2021-04-17 13:18:07
25.160473,55.353638,8,2021-04-17 13:18:35
25.160496,55.353687,8,2021-04-17 13:19:05
25.160496,55.353687,8,2021-04-17 13:19:21
25.160522,55.353577,8,2021-04-17 13:19:40
25.160469,55.353683,8,2021-04-17 13:20:04
25.160507,55.353725,8,2021-04-17 13:20:29
25.160507,55.353737,8,2021-04-17 13:20:44
25.160513,55.353584,8,2021-04-17 13:21:16
25.16045,55.353703,8,2021-04-17 13:21:38
25.160505,55.353634,8,2021-04-17 13:22:02
25.160511,55.353725,8,2021-04-17 13:22:23
25.160446,55.353573,8,2021-04-17 13:22:52
25.160545,55.353741,8,2021-04-17 13:23:18
25.160538,55.353588,8,2021-04-17 13:23:39
25.160454,55.353645,8,2021-04-17 13:23:43
25.160452,55.35368,8,2021-04-17 13:24:14
25.160532,55.353748,8,2021-04-17 13:24:32
25.160519,55.353741,8,2021-04-17 13:24:45
25.160509,55.353729,8,2021-04-17 13:25:02
25.160549,55.353668,8,2021-04-17 13:25:10
25.160763,55.353672,8,2021-04-17 13:25:27
25.16074,55.354,8,2021-04-17 13:25:46
25.160748,55.353916,8,2021-04-17 13:26:06
25.16077,55.353905,8,2021-04-17 13:26:21
25.160765,55.353897,8,2021-04-17 13:26:37
25.16077,55.353962,8,2021-04-17 13:26:53
25.160723,55.35397,8,2021-04-17 13:27:08
25.160749,55.354031,8,2021-04-17 13:27:25
25.160803,55.353947,8,2021-04-17 13:27:44
25.160793,55.353951,8,2021-04-17 13:28:03
25.1607,55.35384,8,2021-04-17 13:28:19
25.160795,55.353813,8,2021-04-17 13:28:41
25.160765,55.353859,8,2021-04-17 13:28:59
25.160795,55.354038,8,2021-04-17 13:29:14
25.160704,55.353966,8,2021-04-17 13:29:30
25.160749,55.353958,8,2021-04-17 13:29:49
25.160713,55.353901,8,2021-04-17 13:30:14
25.160711,55.353901,8,2021-04-17 13:30:32
25.160713,55.353909,8,2021-04-17 13:30:51
25.160591,55.353867,8,2021-04-17 13:31:04
25.159527,55.350967,8,2021-04-17 13:31:44
25.159475,55.3508,8,2021-04-17 13:31:58
25.158764,55.350876,8,2021-04-17 13:33:56
25.158894,55.350819,8,2021-04-17 13:33:57
25.15864,55.350906,8,2021-04-17 13:33:57
25.158648,55.350883,8,2021-04-17 13:33:57
25.158875,55.350826,8,2021-04-17 13:33:58
25.158863,55.350819,8,2021-04-17 13:34:11
25.158859,55.350845,8,2021-04-17 13:34:27
25.158859,55.350845,8,2021-04-17 13:34:41
25.158625,55.351044,8,2021-04-17 13:35:08
25.158859,55.350845,8,2021-04-17 13:35:26
25.158859,55.350845,8,2021-04-17 13:35:43
25.158808,55.350838,8,2021-04-17 13:36:18
25.156422,55.34758,8,2021-04-17 13:36:46
25.155293,55.343838,8,2021-04-17 13:37:11
25.154549,55.341629,8,2021-04-17 13:37:31
25.15374,55.339062,8,2021-04-17 13:38:00
25.153419,55.337807,8,2021-04-17 13:38:21
25.15731,55.334618,8,2021-04-17 13:38:50
25.160309,55.332272,8,2021-04-17 13:39:08
25.163435,55.329849,8,2021-04-17 13:39:26
25.169252,55.305347,8,2021-04-17 13:41:59
25.169252,55.305347,8,2021-04-17 13:42:04
25.16857,55.304489,8,2021-04-17 13:42:10
25.160505,55.295849,8,2021-04-17 13:45:38
25.157732,55.29258,8,2021-04-17 13:45:39
25.155384,55.289101,8,2021-04-17 13:45:39
25.152205,55.284901,8,2021-04-17 13:45:39
25.151484,55.282463,8,2021-04-17 13:45:40
25.154125,55.279808,8,2021-04-17 13:45:40
25.158148,55.277779,8,2021-04-17 13:45:41
25.158148,55.277779,8,2021-04-17 13:45:42
25.16029,55.275879,8,2021-04-17 13:45:42
25.165455,55.270466,8,2021-04-17 13:45:52
25.170069,55.269428,8,2021-04-17 13:46:14
25.172752,55.266323,8,2021-04-17 13:46:35
25.1782,55.27142,8,2021-04-17 13:47:09
25.179472,55.271812,8,2021-04-17 13:47:34
25.179394,55.271832,8,2021-04-17 13:47:51
25.179348,55.271812,8,2021-04-17 13:48:21
25.179617,55.272659,8,2021-04-17 13:48:38
25.179598,55.272194,8,2021-04-17 13:48:55
25.179422,55.271942,8,2021-04-17 13:49:10
25.179249,55.271751,8,2021-04-17 13:49:41
25.179438,55.269966,8,2021-04-17 13:50:06
25.178974,55.269329,8,2021-04-17 13:50:22
25.178684,55.267597,8,2021-04-17 13:50:51
25.178602,55.266811,8,2021-04-17 13:52:17
25.178913,55.266655,8,2021-04-17 13:52:18
25.178988,55.266781,8,2021-04-17 13:52:24
25.178663,55.266647,8,2021-04-17 13:52:54
25.1786,55.266972,8,2021-04-17 13:53:25
25.17897,55.267342,8,2021-04-17 13:53:53
25.178675,55.26685,8,2021-04-17 13:54:11
25.180656,55.266441,8,2021-04-17 13:54:27
25.178637,55.266796,8,2021-04-17 13:54:58
25.178944,55.266953,8,2021-04-17 13:55:29
25.179554,55.267677,8,2021-04-17 13:55:48
25.1793,55.267338,8,2021-04-17 13:56:19
25.178852,55.266964,8,2021-04-17 13:56:38
25.179047,55.267017,8,2021-04-17 13:56:54
25.179169,55.267071,8,2021-04-17 13:57:12
25.178684,55.266754,8,2021-04-17 13:57:27
25.179264,55.267258,8,2021-04-17 13:57:50
25.178751,55.266796,8,2021-04-17 13:58:08
25.180986,55.266624,8,2021-04-17 13:58:43
25.178623,55.266777,8,2021-04-17 13:58:58
25.178659,55.267002,8,2021-04-17 13:59:14
25.178652,55.266857,8,2021-04-17 13:59:40
25.179018,55.269051,8,2021-04-17 14:00:05
25.179043,55.269844,8,2021-04-17 14:00:22
25.178608,55.271141,8,2021-04-17 14:00:37
25.177345,55.270115,8,2021-04-17 14:00:52
25.175829,55.267288,8,2021-04-17 14:01:08
25.173161,55.266289,8,2021-04-17 14:01:24
25.171085,55.263695,8,2021-04-17 14:01:39
25.172573,55.260895,8,2021-04-17 14:01:54
25.174253,55.258366,8,2021-04-17 14:02:09
25.176434,55.25518,8,2021-04-17 14:02:25
25.178543,55.252338,8,2021-04-17 14:02:41
25.179373,55.247875,8,2021-04-17 14:03:18
25.173182,55.242725,8,2021-04-17 14:03:49
25.169125,55.23904,8,2021-04-17 14:04:07
25.165863,55.236095,8,2021-04-17 14:04:22
25.162649,55.233067,8,2021-04-17 14:04:37
25.159164,55.230076,8,2021-04-17 14:04:53
25.155539,55.227638,8,2021-04-17 14:05:08
25.150614,55.224594,8,2021-04-17 14:05:28
25.146179,55.221836,8,2021-04-17 14:05:46
25.141766,55.219013,8,2021-04-17 14:06:04
25.137232,55.21627,8,2021-04-17 14:06:22
25.132853,55.213448,8,2021-04-17 14:06:40
25.127745,55.208244,8,2021-04-17 14:07:05
25.124672,55.203892,8,2021-04-17 14:07:22
25.121641,55.199581,8,2021-04-17 14:07:40
25.116531,55.192188,8,2021-04-17 14:08:10
25.113436,55.187912,8,2021-04-17 14:08:28
25.113436,55.187912,8,2021-04-17 14:08:54
25.108929,55.181477,8,2021-04-17 14:09:12
25.106276,55.177479,8,2021-04-17 14:09:35
25.097572,55.16724,8,2021-04-17 14:10:01
25.095741,55.164017,8,2021-04-17 14:10:21
25.097895,55.161732,8,2021-04-17 14:10:39
25.100899,55.159958,8,2021-04-17 14:11:04
25.100445,55.157059,8,2021-04-17 14:11:24
25.102905,55.153809,8,2021-04-17 14:11:47
25.10664,55.149899,8,2021-04-17 14:12:17
25.108545,55.14801,8,2021-04-17 14:12:35
25.110085,55.145882,8,2021-04-17 14:12:55
25.111649,55.143932,8,2021-04-17 14:13:13
25.112576,55.142551,8,2021-04-17 14:13:37
25.113623,55.14172,8,2021-04-17 14:14:05
25.113617,55.141415,8,2021-04-17 14:14:23
25.113796,55.141315,8,2021-04-17 14:14:41
25.11529,55.140102,8,2021-04-17 14:15:05
25.11548,55.140209,8,2021-04-17 14:15:21
25.115532,55.140221,8,2021-04-17 14:15:39
25.114109,55.143272,8,2021-04-17 14:16:16
25.114109,55.143272,8,2021-04-17 14:16:29
25.114109,55.143272,8,2021-04-17 14:16:48
25.114109,55.143272,8,2021-04-17 14:17:02
25.114109,55.143272,8,2021-04-17 14:17:20
25.114109,55.143272,8,2021-04-17 14:17:33
25.114109,55.143272,8,2021-04-17 14:17:51
25.114109,55.143272,8,2021-04-17 14:18:07
25.114109,55.143272,8,2021-04-17 14:18:23
25.114109,55.143272,8,2021-04-17 14:18:39
25.114109,55.143272,8,2021-04-17 14:19:09
25.114109,55.143272,8,2021-04-17 14:19:39
25.114109,55.143272,8,2021-04-17 14:19:53
25.114109,55.143272,8,2021-04-17 14:20:15
25.116858,55.141773,8,2021-04-17 14:20:32
25.113417,55.14431,8,2021-04-17 14:21:04
25.113417,55.14431,8,2021-04-17 14:21:17
25.116886,55.141766,8,2021-04-17 14:21:35
25.116732,55.141975,8,2021-04-17 14:22:08
25.116657,55.14209,8,2021-04-17 14:22:23
25.116619,55.142025,8,2021-04-17 14:22:54
25.116402,55.142162,8,2021-04-17 14:23:26
25.116798,55.141869,8,2021-04-17 14:23:58
25.116867,55.14175,8,2021-04-17 14:24:29
25.116871,55.141747,8,2021-04-17 14:24:41
25.116852,55.141777,8,2021-04-17 14:25:00
25.116852,55.141777,8,2021-04-17 14:25:13
25.116852,55.141777,8,2021-04-17 14:25:30
25.116852,55.141777,8,2021-04-17 14:25:44
25.114109,55.143272,8,2021-04-17 14:26:01
25.114109,55.143272,8,2021-04-17 14:26:16
25.114109,55.143272,8,2021-04-17 14:26:30
25.114109,55.143272,8,2021-04-17 14:26:49
25.114109,55.143272,8,2021-04-17 14:27:03
25.114109,55.143272,8,2021-04-17 14:27:20
25.114109,55.143272,8,2021-04-17 14:27:36
25.114109,55.143272,8,2021-04-17 14:27:49
25.115805,55.139473,8,2021-04-17 14:28:32
25.11569,55.138447,8,2021-04-17 14:28:55
25.115677,55.138016,8,2021-04-17 14:29:29
25.113516,55.136513,8,2021-04-17 14:29:49
25.112576,55.13887,8,2021-04-17 14:30:20
25.111879,55.139771,8,2021-04-17 14:30:38
25.111526,55.14003,8,2021-04-17 14:31:13
25.109461,55.143898,8,2021-04-17 14:31:44
25.10475,55.150173,8,2021-04-17 14:32:08
25.103386,55.151932,8,2021-04-17 14:32:27
25.102123,55.154327,8,2021-04-17 14:32:55
25.098948,55.157467,8,2021-04-17 14:33:13
25.096952,55.1618,8,2021-04-17 14:33:42
25.096163,55.166611,8,2021-04-17 14:34:06
25.099651,55.170372,8,2021-04-17 14:34:30
25.105059,55.176922,8,2021-04-17 14:34:51
25.108223,55.181168,8,2021-04-17 14:35:15
25.111143,55.185345,8,2021-04-17 14:35:26
25.114321,55.189686,8,2021-04-17 14:35:45
25.114321,55.189686,8,2021-04-17 14:36:01
25.121162,55.201145,8,2021-04-17 14:36:34
25.121162,55.201145,8,2021-04-17 14:37:02
25.119001,55.207813,8,2021-04-17 14:37:21
25.113047,55.216507,8,2021-04-17 14:37:48
25.113047,55.216507,8,2021-04-17 14:38:04
25.110735,55.219746,8,2021-04-17 14:38:26
25.110849,55.219494,8,2021-04-17 14:38:53
25.113953,55.218887,8,2021-04-17 14:39:22
25.113979,55.220039,8,2021-04-17 14:39:29
25.117252,55.222317,8,2021-04-17 14:39:48
25.12014,55.224655,8,2021-04-17 14:40:21
25.120235,55.224785,8,2021-04-17 14:40:31
25.120714,55.225185,8,2021-04-17 14:40:49
25.125389,55.229137,8,2021-04-17 14:41:05
25.121765,55.229321,8,2021-04-17 14:41:50
25.121958,55.229225,8,2021-04-17 14:42:07
25.121834,55.22913,8,2021-04-17 14:42:37
25.121677,55.22905,8,2021-04-17 14:42:56
25.121477,55.228756,8,2021-04-17 14:43:27
25.121401,55.228703,8,2021-04-17 14:43:44
25.121391,55.228691,8,2021-04-17 14:44:12
25.121452,55.228432,8,2021-04-17 14:44:45
25.121456,55.228439,8,2021-04-17 14:45:18
25.121458,55.228455,8,2021-04-17 14:45:33
25.121458,55.228451,8,2021-04-17 14:46:05
25.121458,55.228447,8,2021-04-17 14:46:38
25.121645,55.228546,8,2021-04-17 14:46:54
25.121458,55.228447,8,2021-04-17 14:47:10
25.121584,55.228554,8,2021-04-17 14:47:28
25.121458,55.228447,8,2021-04-17 14:48:13
25.121456,55.228447,8,2021-04-17 14:48:45
25.121458,55.228447,8,2021-04-17 14:49:17
25.121458,55.228447,8,2021-04-17 14:49:48
25.121456,55.228447,8,2021-04-17 14:50:19
25.121458,55.228447,8,2021-04-17 14:50:50
25.121458,55.228447,8,2021-04-17 14:51:22
25.121458,55.228447,8,2021-04-17 14:51:52
25.121458,55.228447,8,2021-04-17 14:52:24
25.121458,55.228447,8,2021-04-17 14:52:55
25.121458,55.228447,8,2021-04-17 14:53:26
25.121458,55.228447,8,2021-04-17 14:53:57
25.121456,55.228447,8,2021-04-17 14:54:28
25.121456,55.228447,8,2021-04-17 14:54:59
25.121458,55.228447,8,2021-04-17 14:55:21
25.121456,55.228455,8,2021-04-17 14:55:26
25.121458,55.228447,8,2021-04-17 14:56:05
25.121458,55.228451,8,2021-04-17 14:56:35
25.121458,55.228447,8,2021-04-17 14:57:05
25.121458,55.228447,8,2021-04-17 14:57:36
25.121456,55.228451,8,2021-04-17 14:58:06
25.121458,55.228447,8,2021-04-17 14:58:36
25.121458,55.228447,8,2021-04-17 14:59:03
25.121458,55.228447,8,2021-04-17 14:59:33
25.121458,55.228447,8,2021-04-17 15:00:08
25.121456,55.228443,8,2021-04-17 15:00:38
25.121458,55.228447,8,2021-04-17 15:01:01
25.121458,55.228447,8,2021-04-17 15:01:21
25.121456,55.228447,8,2021-04-17 15:01:37
25.121456,55.228447,8,2021-04-17 15:02:07
25.121456,55.228447,8,2021-04-17 15:02:39
25.121456,55.228443,8,2021-04-17 15:03:09
25.121458,55.228447,8,2021-04-17 15:03:35
25.121456,55.228443,8,2021-04-17 15:03:54
25.121458,55.228443,8,2021-04-17 15:04:24
25.121458,55.228451,8,2021-04-17 15:04:55
25.121458,55.228451,8,2021-04-17 15:05:25
25.121458,55.228451,8,2021-04-17 15:05:52
25.121458,55.228451,8,2021-04-17 15:06:23
25.121458,55.228451,8,2021-04-17 15:06:52
25.121458,55.228451,8,2021-04-17 15:07:22
25.121458,55.228451,8,2021-04-17 15:07:54
25.121458,55.228451,8,2021-04-17 15:08:25
25.12126,55.22747,8,2021-04-17 15:09:59
25.121555,55.228443,8,2021-04-17 15:09:59
25.121357,55.228298,8,2021-04-17 15:10:21
25.12145,55.228436,8,2021-04-17 15:10:47
25.121449,55.228432,8,2021-04-17 15:11:18
25.121452,55.228443,8,2021-04-17 15:11:46
25.121452,55.228439,8,2021-04-17 15:12:16
25.12145,55.228436,8,2021-04-17 15:12:48
25.121462,55.228317,8,2021-04-17 15:13:23
25.121479,55.228481,8,2021-04-17 15:13:54
25.121458,55.228447,8,2021-04-17 15:14:25
25.121458,55.228447,8,2021-04-17 15:14:55
25.121542,55.228798,8,2021-04-17 15:15:42
25.121674,55.228828,8,2021-04-17 15:15:58
25.121849,55.229179,8,2021-04-17 15:16:17
25.12171,55.229172,8,2021-04-17 15:16:32
25.12191,55.229298,8,2021-04-17 15:16:56
25.121929,55.229286,8,2021-04-17 15:17:22
25.12195,55.229221,8,2021-04-17 15:17:42
25.121727,55.228867,8,2021-04-17 15:18:05
25.121683,55.228905,8,2021-04-17 15:18:27
25.121536,55.228607,8,2021-04-17 15:18:58
25.121454,55.228443,8,2021-04-17 15:19:31
25.121454,55.228443,8,2021-04-17 15:19:34
25.12146,55.228447,8,2021-04-17 15:19:59
25.120134,55.229893,8,2021-04-17 15:20:15
25.121449,55.228443,8,2021-04-17 15:20:30
25.121449,55.228443,8,2021-04-17 15:21:03
25.120552,55.225403,8,2021-04-17 15:21:16
25.121437,55.228439,8,2021-04-17 15:21:34
25.121452,55.228439,8,2021-04-17 15:22:05
25.121443,55.228443,8,2021-04-17 15:22:35
25.121437,55.228439,8,2021-04-17 15:23:07
25.121449,55.228443,8,2021-04-17 15:23:39
25.121456,55.228439,8,2021-04-17 15:24:11
25.121435,55.228436,8,2021-04-17 15:24:45
25.121435,55.228439,8,2021-04-17 15:25:13
25.121458,55.228443,8,2021-04-17 15:25:45
25.121458,55.228443,8,2021-04-17 15:26:16
25.121458,55.228443,8,2021-04-17 15:26:28
25.121492,55.228867,8,2021-04-17 15:26:44
25.121462,55.228481,8,2021-04-17 15:27:20
25.121458,55.228447,8,2021-04-17 15:27:52
25.121458,55.228447,8,2021-04-17 15:28:42
25.121458,55.228447,8,2021-04-17 15:29:13
25.121178,55.228485,8,2021-04-17 15:29:43
25.12146,55.228447,8,2021-04-17 15:30:12
25.12146,55.228447,8,2021-04-17 15:30:44
25.121458,55.228436,8,2021-04-17 15:31:12
25.121456,55.228424,8,2021-04-17 15:31:17
25.121685,55.228432,8,2021-04-17 15:32:00
25.121462,55.228447,8,2021-04-17 15:32:37
25.121462,55.228447,8,2021-04-17 15:33:05
25.12146,55.228447,8,2021-04-17 15:33:36
25.121485,55.22847,8,2021-04-17 15:34:11
25.121456,55.228447,8,2021-04-17 15:34:41
25.121458,55.228451,8,2021-04-17 15:34:58
25.121458,55.228447,8,2021-04-17 15:35:30
25.121458,55.228447,8,2021-04-17 15:36:02
25.121458,55.228447,8,2021-04-17 15:36:34
25.121458,55.228447,8,2021-04-17 15:37:04
25.121458,55.228447,8,2021-04-17 15:37:36
25.121458,55.228447,8,2021-04-17 15:38:08
25.121458,55.228447,8,2021-04-17 15:38:48
25.121456,55.228451,8,2021-04-17 15:39:15
25.121458,55.228451,8,2021-04-17 15:39:46
25.121458,55.228451,8,2021-04-17 15:40:14
25.121458,55.228451,8,2021-04-17 15:40:44
25.121458,55.228451,8,2021-04-17 15:41:15
25.121456,55.228443,8,2021-04-17 15:41:50
25.121456,55.228443,8,2021-04-17 15:42:22
25.121458,55.228447,8,2021-04-17 15:42:52
25.121458,55.228447,8,2021-04-17 15:43:22
25.121458,55.228447,8,2021-04-17 15:43:52
25.121458,55.228451,8,2021-04-17 15:44:22
25.121458,55.228451,8,2021-04-17 15:44:52
25.121458,55.228447,8,2021-04-17 15:45:24
25.121458,55.228443,8,2021-04-17 15:45:52
25.121458,55.228451,8,2021-04-17 15:46:23
25.121458,55.228447,8,2021-04-17 15:46:52
25.121456,55.228443,8,2021-04-17 15:47:22
25.121458,55.228451,8,2021-04-17 15:47:52
25.121456,55.228443,8,2021-04-17 15:48:22
25.121458,55.228443,8,2021-04-17 15:48:57
25.121456,55.228443,8,2021-04-17 15:49:23
25.121458,55.228447,8,2021-04-17 15:49:53
25.121458,55.228447,8,2021-04-17 15:50:22
25.120502,55.227257,8,2021-04-17 15:50:47
25.121458,55.228447,8,2021-04-17 15:51:23
25.121449,55.228432,8,2021-04-17 15:51:53
25.121458,55.228447,8,2021-04-17 15:52:23
25.121458,55.228451,8,2021-04-17 15:52:53
25.121458,55.228447,8,2021-04-17 15:53:23
25.121458,55.228451,8,2021-04-17 15:53:53
25.121458,55.228447,8,2021-04-17 15:54:24
25.121456,55.228443,8,2021-04-17 15:54:54
25.121458,55.228447,8,2021-04-17 15:55:23
25.121456,55.228443,8,2021-04-17 15:55:54
25.121458,55.228443,8,2021-04-17 15:56:23
25.121458,55.228447,8,2021-04-17 15:56:54
25.121458,55.228447,8,2021-04-17 15:57:24
25.121456,55.228443,8,2021-04-17 15:57:53
25.121456,55.228447,8,2021-04-17 15:58:24
25.121458,55.228447,8,2021-04-17 15:58:54
25.121458,55.228447,8,2021-04-17 15:59:24
25.121458,55.228447,8,2021-04-17 15:59:54
25.121456,55.228447,8,2021-04-17 16:00:24
25.121458,55.228447,8,2021-04-17 16:00:54
25.121458,55.228447,8,2021-04-17 16:01:24
25.121458,55.228443,8,2021-04-17 16:01:54
25.121458,55.228443,8,2021-04-17 16:02:24
25.121458,55.228447,8,2021-04-17 16:02:51
25.121458,55.228443,8,2021-04-17 16:03:22
25.121456,55.228443,8,2021-04-17 16:03:54
25.121458,55.228447,8,2021-04-17 16:04:24
25.121458,55.228447,8,2021-04-17 16:04:54
25.121456,55.228443,8,2021-04-17 16:05:25
25.121456,55.228443,8,2021-04-17 16:05:54
25.121456,55.228443,8,2021-04-17 16:06:29
25.121458,55.228447,8,2021-04-17 16:06:54
25.121456,55.228443,8,2021-04-17 16:07:24
25.121458,55.228447,8,2021-04-17 16:07:54
25.120975,55.227791,8,2021-04-17 16:08:23
25.121456,55.228447,8,2021-04-17 16:08:52
25.121456,55.228447,8,2021-04-17 16:09:21
25.121071,55.227863,8,2021-04-17 16:09:46
25.121456,55.228447,8,2021-04-17 16:10:22
25.121458,55.228447,8,2021-04-17 16:10:57
25.121458,55.228447,8,2021-04-17 16:11:27
25.121458,55.228451,8,2021-04-17 16:11:57
25.121458,55.228447,8,2021-04-17 16:12:27
25.121456,55.228443,8,2021-04-17 16:12:57
25.121458,55.228447,8,2021-04-17 16:13:27
25.121458,55.228447,8,2021-04-17 16:13:57
25.121458,55.228447,8,2021-04-17 16:14:27
25.121458,55.228447,8,2021-04-17 16:14:54
25.121458,55.228447,8,2021-04-17 16:15:24
25.121458,55.228443,8,2021-04-17 16:15:57
25.121456,55.228443,8,2021-04-17 16:16:26
25.121456,55.228447,8,2021-04-17 16:16:46
25.121458,55.228447,8,2021-04-17 16:17:16
25.121458,55.228447,8,2021-04-17 16:17:46
25.121456,55.228447,8,2021-04-17 16:18:16
25.121458,55.228447,8,2021-04-17 16:18:46
25.121458,55.228447,8,2021-04-17 16:19:13
25.121458,55.228447,8,2021-04-17 16:19:43
25.121458,55.228447,8,2021-04-17 16:20:13
25.121456,55.228447,8,2021-04-17 16:20:43
25.121456,55.228447,8,2021-04-17 16:21:13
25.121456,55.228447,8,2021-04-17 16:21:43
25.121458,55.228447,8,2021-04-17 16:22:13
25.121456,55.228447,8,2021-04-17 16:22:43
25.121456,55.228447,8,2021-04-17 16:23:13
25.121456,55.228447,8,2021-04-17 16:23:43
25.121456,55.228443,8,2021-04-17 16:24:17
25.121456,55.228443,8,2021-04-17 16:24:47
25.121456,55.228447,8,2021-04-17 16:25:14
25.121456,55.228447,8,2021-04-17 16:25:45
25.121458,55.228451,8,2021-04-17 16:26:21
25.121458,55.228447,8,2021-04-17 16:26:52
25.120789,55.228363,8,2021-04-17 16:27:20
25.121458,55.228447,8,2021-04-17 16:27:53
25.121458,55.228447,8,2021-04-17 16:28:23
25.121458,55.228447,8,2021-04-17 16:28:53
25.121458,55.228451,8,2021-04-17 16:29:23
25.121456,55.228443,8,2021-04-17 16:29:53
25.121458,55.228443,8,2021-04-17 16:30:23
25.121458,55.228447,8,2021-04-17 16:30:53
25.121458,55.228447,8,2021-04-17 16:31:23
25.121122,55.228584,8,2021-04-17 16:31:52
25.121458,55.228443,8,2021-04-17 16:32:24
25.121458,55.228447,8,2021-04-17 16:32:53
25.121456,55.228447,8,2021-04-17 16:33:23
25.121458,55.228447,8,2021-04-17 16:33:53
25.121456,55.228443,8,2021-04-17 16:34:24
25.121458,55.228447,8,2021-04-17 16:34:53
25.121456,55.228443,8,2021-04-17 16:35:24
25.121456,55.228443,8,2021-04-17 16:35:55
25.121458,55.228447,8,2021-04-17 16:36:25
25.121458,55.228447,8,2021-04-17 16:36:55
25.121456,55.228447,8,2021-04-17 16:37:25
25.121456,55.228447,8,2021-04-17 16:37:55
25.121456,55.228447,8,2021-04-17 16:38:25
25.121458,55.228447,8,2021-04-17 16:38:55
25.121456,55.228447,8,2021-04-17 16:39:25
25.121458,55.228447,8,2021-04-17 16:39:55
25.121456,55.228447,8,2021-04-17 16:40:25
25.121458,55.228447,8,2021-04-17 16:41:11
25.121458,55.228451,8,2021-04-17 16:41:41
25.121458,55.228451,8,2021-04-17 16:42:10
25.121456,55.228443,8,2021-04-17 16:42:40
25.121456,55.228443,8,2021-04-17 16:43:11
25.121458,55.228451,8,2021-04-17 16:43:42
25.121456,55.228451,8,2021-04-17 16:44:08
25.121458,55.228451,8,2021-04-17 16:44:38
25.121458,55.228451,8,2021-04-17 16:45:08
25.121456,55.228451,8,2021-04-17 16:45:43
25.121456,55.228451,8,2021-04-17 16:46:13
25.121445,55.228355,8,2021-04-17 16:52:07
25.121458,55.228455,8,2021-04-17 16:52:38
25.121458,55.228447,8,2021-04-17 16:52:59
25.121458,55.228451,8,2021-04-17 16:53:29
25.120977,55.227905,8,2021-04-17 16:53:46
25.120977,55.227905,8,2021-04-17 16:54:29
25.12146,55.228447,8,2021-04-17 16:55:00
25.121456,55.228447,8,2021-04-17 17:06:58
25.121569,55.228466,8,2021-04-17 17:07:19
25.12163,55.22863,8,2021-04-17 17:07:53
25.121458,55.228447,8,2021-04-17 17:08:04
25.121464,55.228436,8,2021-04-17 17:08:20
25.121458,55.228447,8,2021-04-17 17:08:45
25.121664,55.228935,8,2021-04-17 17:09:00
25.121424,55.228504,8,2021-04-17 17:09:26
25.121458,55.228451,8,2021-04-17 17:09:47
25.121452,55.228546,8,2021-04-17 17:10:04
25.121458,55.228451,8,2021-04-17 17:10:25
25.121458,55.228447,8,2021-04-17 17:10:45
25.121458,55.228447,8,2021-04-17 17:11:31
25.121458,55.228451,8,2021-04-17 17:12:48
25.121456,55.228443,8,2021-04-17 17:13:23
25.121458,55.228447,8,2021-04-17 17:13:55
25.121456,55.228447,8,2021-04-17 17:14:28
25.121456,55.228451,8,2021-04-17 17:15:00
25.121458,55.228447,8,2021-04-17 17:15:32
25.121458,55.228451,8,2021-04-17 17:16:04
25.121458,55.228451,8,2021-04-17 17:16:37
25.121458,55.228447,8,2021-04-17 17:17:09
25.121458,55.228447,8,2021-04-17 17:17:41
25.121458,55.228443,8,2021-04-17 17:18:13
25.121458,55.228447,8,2021-04-17 17:18:42
25.121458,55.228447,8,2021-04-17 17:19:17
25.121458,55.228447,8,2021-04-17 17:19:49
25.121458,55.228447,8,2021-04-17 17:20:18
25.121458,55.228443,8,2021-04-17 17:20:50
25.121458,55.228443,8,2021-04-17 17:21:22
25.121458,55.228447,8,2021-04-17 17:21:54
25.121458,55.228447,8,2021-04-17 17:22:26
25.121458,55.228443,8,2021-04-17 17:22:58
25.121456,55.228443,8,2021-04-17 17:23:34
25.121458,55.228447,8,2021-04-17 17:24:06
25.121458,55.228447,8,2021-04-17 17:24:38
25.121458,55.228447,8,2021-04-17 17:25:07
25.121458,55.228447,8,2021-04-17 17:25:42
25.121458,55.228447,8,2021-04-17 17:26:14
25.121458,55.228447,8,2021-04-17 17:26:46
25.121458,55.228447,8,2021-04-17 17:27:15
25.121458,55.228447,8,2021-04-17 17:27:45
25.121458,55.228447,8,2021-04-17 17:28:18
25.121458,55.228447,8,2021-04-17 17:28:48
25.121458,55.228447,8,2021-04-17 17:29:18
25.121458,55.228447,8,2021-04-17 17:29:45
25.121458,55.228447,8,2021-04-17 17:30:02
25.121458,55.228447,8,2021-04-17 17:30:37
25.121458,55.228447,8,2021-04-17 17:31:07
25.121458,55.228447,8,2021-04-17 17:31:38
25.121458,55.228447,8,2021-04-17 17:32:08
25.121458,55.228447,8,2021-04-17 17:32:38
25.121458,55.228447,8,2021-04-17 17:33:08
25.121458,55.228447,8,2021-04-17 17:33:38
25.121458,55.228447,8,2021-04-17 17:34:08
25.121458,55.228447,8,2021-04-17 17:34:38
25.121458,55.228451,8,2021-04-17 17:35:08
25.121458,55.228451,8,2021-04-17 17:35:38
25.121458,55.228447,8,2021-04-17 17:36:08
25.121458,55.228451,8,2021-04-17 17:36:38
25.121458,55.228451,8,2021-04-17 17:37:08
25.121458,55.228451,8,2021-04-17 17:37:38
25.121458,55.228455,8,2021-04-17 17:38:08
25.121458,55.228447,8,2021-04-17 17:38:38
25.121458,55.228447,8,2021-04-17 17:39:08
25.121458,55.228447,8,2021-04-17 17:39:38
25.121458,55.228447,8,2021-04-17 17:40:09
25.121458,55.228447,8,2021-04-17 17:40:36
25.121456,55.228451,8,2021-04-17 17:41:09
25.121458,55.228451,8,2021-04-17 17:41:39
25.121458,55.228451,8,2021-04-17 17:42:09
25.121458,55.228447,8,2021-04-17 17:42:39
25.121458,55.228451,8,2021-04-17 17:43:09
25.121458,55.228451,8,2021-04-17 17:43:36
25.121458,55.228451,8,2021-04-17 17:44:06
25.121458,55.228451,8,2021-04-17 17:44:38
25.121456,55.228451,8,2021-04-17 17:45:10
25.121456,55.228451,8,2021-04-17 17:45:40
25.121456,55.228451,8,2021-04-17 17:46:10
25.121458,55.228451,8,2021-04-17 17:46:40
25.121458,55.228451,8,2021-04-17 17:47:10
25.121458,55.228451,8,2021-04-17 17:47:43
25.121458,55.228451,8,2021-04-17 17:48:14
25.121458,55.228451,8,2021-04-17 17:48:44
25.121458,55.228451,8,2021-04-17 17:49:14
25.121458,55.228451,8,2021-04-17 17:49:46
25.121458,55.228451,8,2021-04-17 17:50:17
25.121458,55.228451,8,2021-04-17 17:50:49
25.121458,55.228451,8,2021-04-17 17:51:21
25.121458,55.228451,8,2021-04-17 17:51:51
25.121458,55.228451,8,2021-04-17 17:52:21
25.121456,55.228451,8,2021-04-17 17:52:53
25.121458,55.228447,8,2021-04-17 17:53:26
25.121458,55.228447,8,2021-04-17 17:53:53
25.121458,55.228447,8,2021-04-17 17:54:23
25.121458,55.228447,8,2021-04-17 17:54:53
25.121458,55.228447,8,2021-04-17 17:55:23
25.121458,55.228447,8,2021-04-17 17:55:53
25.121458,55.228447,8,2021-04-17 17:57:09
25.121458,55.228447,8,2021-04-17 17:57:39
25.121458,55.228447,8,2021-04-17 17:58:16
25.121458,55.228447,8,2021-04-17 17:58:46
25.121458,55.228447,8,2021-04-17 17:59:17
25.121458,55.228447,8,2021-04-17 17:59:47
25.121458,55.228447,8,2021-04-17 18:00:17
25.121458,55.228447,8,2021-04-17 18:00:47
25.121458,55.228447,8,2021-04-17 18:01:17
25.121458,55.228447,8,2021-04-17 18:01:47
25.121458,55.228447,8,2021-04-17 18:02:17
25.121458,55.228447,8,2021-04-17 18:02:47
25.121458,55.228447,8,2021-04-17 18:03:18
25.121458,55.228447,8,2021-04-17 18:03:51
25.121458,55.228451,8,2021-04-17 18:04:18
25.121458,55.228451,8,2021-04-17 18:04:48
25.121458,55.228447,8,2021-04-17 18:05:18
25.121458,55.228451,8,2021-04-17 18:05:50
25.121458,55.228451,8,2021-04-17 18:06:22
25.121458,55.228447,8,2021-04-17 18:06:53
25.121458,55.228451,8,2021-04-17 18:07:23
25.121458,55.228451,8,2021-04-17 18:07:52
25.121458,55.228447,8,2021-04-17 18:08:39
25.121456,55.228451,8,2021-04-17 18:09:09
25.121458,55.228451,8,2021-04-17 18:09:39
25.121458,55.228451,8,2021-04-17 18:10:05
25.121458,55.228451,8,2021-04-17 18:10:24
25.121458,55.228451,8,2021-04-17 18:10:54
25.121458,55.228451,8,2021-04-17 18:11:26
25.121458,55.228451,8,2021-04-17 18:11:46
25.121458,55.228451,8,2021-04-17 18:12:16
25.121458,55.228447,8,2021-04-17 18:12:46
25.121458,55.228447,8,2021-04-17 18:13:13
25.121458,55.228447,8,2021-04-17 18:14:07
25.121458,55.228447,8,2021-04-17 18:14:44
25.121458,55.228447,8,2021-04-17 18:15:14
25.121458,55.228447,8,2021-04-17 18:15:44
25.121458,55.228447,8,2021-04-17 18:16:11
25.121458,55.228451,8,2021-04-17 18:16:41
25.121458,55.228451,8,2021-04-17 18:17:11
25.121458,55.228451,8,2021-04-17 18:17:41
25.121458,55.228451,8,2021-04-17 18:18:12
25.121458,55.228447,8,2021-04-17 18:18:42
25.121458,55.228451,8,2021-04-17 18:19:15
25.121458,55.228455,8,2021-04-17 18:19:42
25.121456,55.228451,8,2021-04-17 18:20:12
25.121458,55.228447,8,2021-04-17 18:20:45
25.121456,55.228443,8,2021-04-17 18:21:15
25.121456,55.228443,8,2021-04-17 18:21:42
25.121456,55.228447,8,2021-04-17 18:22:12
25.121456,55.228443,8,2021-04-17 18:22:44
25.121456,55.228443,8,2021-04-17 18:23:14
25.121458,55.228447,8,2021-04-17 18:23:47
25.121458,55.228451,8,2021-04-17 18:24:17
25.121458,55.228451,8,2021-04-17 18:24:47
25.121458,55.228451,8,2021-04-17 18:25:17
25.121458,55.228451,8,2021-04-17 18:25:47
25.121458,55.228451,8,2021-04-17 18:26:17
25.121458,55.228451,8,2021-04-17 18:26:47
25.121458,55.228447,8,2021-04-17 18:27:17
25.121458,55.228447,8,2021-04-17 18:27:47
25.121458,55.228447,8,2021-04-17 18:28:14
25.121458,55.228447,8,2021-04-17 18:28:44
25.121456,55.228443,8,2021-04-17 18:29:18
25.121458,55.228451,8,2021-04-17 18:29:48
25.121458,55.228447,8,2021-04-17 18:30:13
25.121458,55.228451,8,2021-04-17 18:30:33
25.121458,55.228451,8,2021-04-17 18:31:05
25.121458,55.228451,8,2021-04-17 18:31:32
25.121458,55.228447,8,2021-04-17 18:32:06
25.121458,55.228447,8,2021-04-17 18:32:36
25.121458,55.228451,8,2021-04-17 18:33:06
25.121458,55.228451,8,2021-04-17 18:33:36
25.121458,55.228451,8,2021-04-17 18:34:03
25.121458,55.228447,8,2021-04-17 18:34:36
25.121458,55.228447,8,2021-04-17 18:35:06
25.121458,55.228447,8,2021-04-17 18:35:33
25.121458,55.228447,8,2021-04-17 18:36:03
25.121458,55.228447,8,2021-04-17 18:36:33
25.121458,55.228447,8,2021-04-17 18:37:06
25.121458,55.228447,8,2021-04-17 18:37:36
25.121458,55.228447,8,2021-04-17 18:38:06
25.121458,55.228451,8,2021-04-17 18:38:33
25.121456,55.228455,8,2021-04-17 18:39:06
25.121458,55.228447,8,2021-04-17 18:39:36
25.121458,55.228447,8,2021-04-17 18:40:06
25.121458,55.228447,8,2021-04-17 18:40:33
25.121458,55.228447,8,2021-04-17 18:41:05
25.121458,55.228447,8,2021-04-17 18:41:40
25.121458,55.228443,8,2021-04-17 18:42:10
25.121458,55.228443,8,2021-04-17 18:42:37
25.121458,55.228443,8,2021-04-17 18:43:07
25.121458,55.228447,8,2021-04-17 18:43:39
25.121458,55.228447,8,2021-04-17 18:44:09
25.121458,55.228447,8,2021-04-17 18:44:40
25.121458,55.228447,8,2021-04-17 18:45:11
25.121458,55.228447,8,2021-04-17 18:45:43
25.121458,55.228443,8,2021-04-17 18:46:15
25.121458,55.228443,8,2021-04-17 18:46:50
25.121458,55.228443,8,2021-04-17 18:47:17
25.121458,55.228443,8,2021-04-17 18:47:47
25.121458,55.228443,8,2021-04-17 18:48:19
25.121458,55.228443,8,2021-04-17 18:48:51
25.121458,55.228443,8,2021-04-17 18:49:22
25.121458,55.228443,8,2021-04-17 18:49:39
25.121458,55.228447,8,2021-04-17 18:50:12
25.121456,55.228447,8,2021-04-17 18:50:43
25.121456,55.228447,8,2021-04-17 18:51:10
25.121456,55.228451,8,2021-04-17 18:51:38
25.121458,55.228447,8,2021-04-17 18:51:58
25.121458,55.228447,8,2021-04-17 18:52:28
25.121458,55.228447,8,2021-04-17 18:52:58
25.121458,55.228451,8,2021-04-17 18:53:28
25.121456,55.228443,8,2021-04-17 18:53:58
25.121458,55.228447,8,2021-04-17 18:54:28
25.119301,55.234035,8,2021-04-17 23:56:36
25.121456,55.228447,8,2021-04-17 23:56:44
25.121456,55.228447,8,2021-04-17 23:57:04
